<?xml version="1.0"?>
<doc>
    <assembly>
        <name>src</name>
    </assembly>
    <members>
        <member name="M:src.Controllers.SiteInfoController.Get(src.Models.AvailableServices)">
            <summary>
            Gets site lookup information based on service(s) provided as paramater 
            </summary>
            <param name="service">Provide a service to check site (rdap, geoip, freegeoip)</param>
        </member>
        <member name="P:src.Models.AvailableServices.Service">
            <summary>Provide a service to check site (rdap, geoip, freegeoip)</summary>
        </member>
        <member name="P:src.Models.AvailableServices.SearchType">
            <summary>Provide search type (ip, domain)</summary>
        </member>
        <member name="P:src.Models.AvailableServices.Address">
            <summary>[Required] Provide ip or domain address</summary>
        </member>
    </members>
</doc>
